{
  "project_info": {
    "project_number": "455034832333",
    "project_id": "tripmybuzz",
    "storage_bucket": "tripmybuzz.appspot.com"
  },
  "client": [
    {
      "client_info": {
        "mobilesdk_app_id": "1:455034832333:android:385a8e29db9e93e0b63084",
        "android_client_info": {
          "package_name": "com.tripmybuzz.app"
        }
      },
      "oauth_client": [
        {
          "client_id": "455034832333-49elvpatgg4k5fnsnosl4tfvk32kp4rm.apps.googleusercontent.com",
          "client_type": 3
        }
      ],
      "api_key": [
        {
          "current_key": "AIzaSyCpbRrfYMB95oH6XpF0WrqW9mO0uIlKdfw"
        }
      ],
      "services": {
        "appinvite_service": {
          "other_platform_oauth_client": [
            {
              "client_id": "455034832333-49elvpatgg4k5fnsnosl4tfvk32kp4rm.apps.googleusercontent.com",
              "client_type": 3
            }
          ]
        }
      }
    }
  ],
  "configuration_version": "1"
}